<?xml version="1.0"?>
<layouts>
	<layout name="Default" default="true">
		<window name="UsersWindow" width="0.1772793053545586" height="0.6795212765957446" x="0" y="0" />
		<window name="PresentationWindow" width="0.5137481910274964" height="0.9946808510638298" x="0.18017366136034732" y="0" />
		<window name="VideoDock" width="0.1772793053545586" height="0.30851063829787234" x="0" y="0.6875" />
		<window name="ChatWindow" width="0.3031837916063676" height="0.9960106382978723" x="0.6968162083936325" y="0" />
	</layout>
	<layout name="Meeting">
		<window name="VideoDock" width="0.6570188133140377" height="0.9960106382978723" x="0" y="0" />
		<window name="ChatWindow" width="0.3393632416787265" height="0.5305851063829787" x="0.658465991316932" y="0" />
		<window name="UsersWindow" hidden="true" />
		<window name="PresentationWindow" width="0.34008683068017365" height="0.4601063829787234" x="0.658465991316932" y="0.535904255319149" />
	</layout>
	<layout name="Webinar">
		<window name="UsersWindow" minimized="true" />
		<window name="VideoDock" width="0.2923611111111111" height="0.4640957446808511" x="0.7048611111111112" y="0.535904255319149" />
		<window name="PresentationWindow" width="0.7027777777777777" height="0.9986702127659575" x="0" y="0" />
		<window name="ChatWindow" width="0.2923611111111111" height="0.5305851063829787" x="0.7048611111111112" y="0" />
	</layout>
	<layout name="Lecture assistant">
		<window name="ChatWindow" width="0.4597222222222222" height="0.9958677685950413" x="0.2263888888888889" y="0" />
		<window name="UsersWindow" width="0.2222222222222222" height="0.9944903581267218" x="0" y="0" />
		<window name="PresentationWindow" width="0.3104166666666667" height="0.5537190082644629" x="0.6895833333333333" y="0" />
		<window name="VideoDock" width="0.30972222222222223" height="0.4256198347107438" x="0.6902777777777778" y="0.568870523415978" />
	</layout>	
	<layout name="Lecture">
		<window name="UsersWindow" hidden="true" />
		<window name="VideoDock" width="0.2923611111111111" height="0.4640957446808511" x="0.7048611111111112" y="0.535904255319149" />
		<window name="PresentationWindow" width="0.7027777777777777" height="0.9986702127659575" x="0" y="0" />
		<window name="ChatWindow" width="0.2923611111111111" height="0.5305851063829787" x="0.7048611111111112" y="0" />
	</layout>	
	<layout name="Lecture" role="presenter">
		<window name="ChatWindow" hidden="true" />
		<window name="UsersWindow" hidden="true" />
		<window name="PresentationWindow" maximized="true" />
		<window name="VideoDock" hidden="true" />
	</layout>	
	<layout name="Lecture" role="moderator">
   		<window name="ChatWindow" width="0.4597222222222222" height="0.9958677685950413" x="0.2263888888888889" y="0" />
		<window name="UsersWindow" width="0.2222222222222222" height="0.9944903581267218" x="0" y="0" />
		<window name="PresentationWindow" width="0.3104166666666667" height="0.5537190082644629" x="0.6895833333333333" y="0" />
		<window name="VideoDock" width="0.30972222222222223" height="0.4256198347107438" x="0.6902777777777778" y="0.568870523415978" />
		</layout>	
</layouts>
